date,AAVE,ADA,BTC,ETH,XMR,COMP,ALGO,SOL,DOT,BNB,XRP,DOGE,AVAX,UNI,ZEC,GRT,CASH,USDC,DAI,ATOM
2020-09-14,39.39,0.09663,10671.77,377.12,91.68,166.26,0.3816,39.25,23.04,,0.24565,0.4015,,4.2101,69.58,0.1227,1.0,1.0002,1.037207,5.385
2020-09-15,39.39,0.09313,10785.31,364.06,91.16,154.61,0.354,39.25,23.04,,0.24344,0.4015,,4.2101,69.58,0.1227,1.0,1.0004,1.021011,4.863
2020-09-16,39.39,0.09151,10954.01,365.11,88.27,152.99,0.3601,39.25,23.04,,0.24688,0.4015,,4.2101,69.58,0.1227,1.0,1.0001,1.015355,5.123
2020-09-17,39.39,0.09408,10939.99,389.36,92.82,158.4,0.3564,39.25,23.04,,0.25222,0.4015,,4.2101,69.58,0.1227,1.0,1.0001,1.021824,5.07
2020-09-18,39.39,0.09093,10933.39,384.39,92.47,153.88,0.337,39.25,23.04,,0.25081,0.4015,,6.9695,69.58,0.1227,1.0,1.0003,1.0185,4.963
2020-09-19,39.39,0.09141,11080.65,385.25,94.61,151.84,0.3419,39.25,23.04,,0.25115,0.4015,,5.7302,69.58,0.1227,1.0,1.0,1.011387,4.943
2020-09-20,39.39,0.08936,10920.28,371.04,92.63,144.5,0.3277,39.25,23.04,,0.2465,0.4015,,5.2077,69.58,0.1227,1.0,1.0,1.010818,4.66
2020-09-21,39.39,0.07983,10417.22,340.36,89.13,128.33,0.2869,39.25,23.04,,0.23075,0.4015,,4.2796,69.58,0.1227,1.0,1.0,1.009,4.085
2020-09-22,39.39,0.08146,10529.61,344.21,92.56,143.54,0.3064,39.25,23.04,,0.23313,0.4015,,3.9126,69.58,0.1227,1.0,1.0003,1.010786,4.21
2020-09-23,39.39,0.07663,10241.46,320.72,87.17,127.16,0.269,39.25,23.04,,0.22126,0.4015,,4.3683,69.58,0.1227,1.0,1.0003,1.010736,3.843
2020-09-24,39.39,0.08254,10736.32,348.97,91.84,138.59,0.2938,39.25,23.04,,0.23297,0.4015,,5.1584,69.58,0.1227,1.0,1.0003,1.011618,4.481
2020-09-25,39.39,0.09693,10686.67,351.92,92.93,139.01,0.3174,39.25,23.04,,0.24168,0.4015,,4.9219,69.58,0.1227,1.0,1.0,1.010399,4.797
2020-09-26,39.39,0.09547,10728.6,353.92,94.63,144.27,0.325,39.25,23.04,,0.2416,0.4015,,4.8653,69.58,0.1227,1.0,1.0,1.010896,4.603
2020-09-27,39.39,0.1013,10774.25,357.49,97.09,138.98,0.3206,39.25,23.04,,0.24335,0.4015,,4.8506,69.58,0.1227,1.0,1.0,1.011723,4.727
2020-09-28,39.39,0.1003,10696.12,353.96,95.12,131.53,0.3259,39.25,23.04,,0.24079,0.4015,,4.25,69.58,0.1227,1.0,1.0,1.011713,4.826
2020-09-29,39.39,0.1011,10840.48,359.79,100.51,132.8,0.3398,39.25,23.04,,0.24273,0.4015,,4.3864,69.58,0.1227,1.0,1.0001,1.010898,5.314
2020-09-30,39.39,0.10136,10776.59,359.83,108.6,133.49,0.347,39.25,23.04,,0.24184,0.4015,,4.1567,69.58,0.1227,1.0,1.0003,1.009533,5.375
2020-10-01,39.39,0.09804,10619.13,352.85,103.74,129.16,0.3349,39.25,23.04,,0.23803,0.4015,,4.2423,69.58,0.1227,1.0,0.9999,1.010692,5.143
2020-10-02,39.39,0.09286,10570.4,345.6,101.61,120.4,0.3159,39.25,23.04,,0.23404,0.4015,,3.8934,69.58,0.1227,1.0,1.0,1.011527,4.905
2020-10-03,39.39,0.09328,10542.06,345.95,103.58,121.09,0.3153,39.25,23.04,,0.23276,0.4015,,3.9074,69.58,0.1227,1.0,1.0002,1.009302,5.017
2020-10-04,39.39,0.09686,10666.63,352.37,105.46,119.6,0.312,39.25,23.04,,0.24789,0.4015,,3.722,69.58,0.1227,1.0,1.0001,1.009833,5.323
2020-10-05,39.39,0.09738,10792.21,353.62,112.73,122.13,0.3184,39.25,23.04,,0.25055,0.4015,,3.323,69.58,0.1227,1.0,1.0002,1.011891,5.369
2020-10-06,39.39,0.09289,10599.66,340.75,106.43,105.85,0.2861,39.25,23.04,,0.24565,0.4015,,2.7162,69.58,0.1227,1.0,1.0,1.010768,4.73
2020-10-07,39.39,0.09374,10666.39,341.58,110.29,110.44,0.3064,39.25,23.04,,0.24882,0.4015,,2.962,69.58,0.1227,1.0,0.9999,1.010061,4.877
2020-10-08,39.39,0.09632,10925.57,350.95,111.36,108.42,0.3084,39.25,23.04,,0.25145,0.4015,,3.3558,69.58,0.1227,1.0,0.9999,1.009949,5.042
2020-10-09,39.39,0.10129,11050.64,365.02,115.92,115.58,0.3289,39.25,23.04,,0.25314,0.4015,,3.3825,69.58,0.1227,1.0,1.0002,1.011821,5.158
2020-10-10,39.39,0.10493,11293.22,370.52,115.88,113.75,0.3264,39.25,23.04,,0.25404,0.4015,,3.296,69.58,0.1227,1.0,0.9999,1.010789,5.546
2020-10-11,39.39,0.10648,11369.02,374.16,125.81,115.77,0.3313,39.25,23.04,,0.25549,0.4015,,3.3633,69.58,0.1227,1.0,1.0002,1.010089,6.074
2020-10-12,39.39,0.10945,11528.25,386.51,129.0,116.7,0.3444,39.25,23.04,,0.25622,0.4015,,3.4651,69.58,0.1227,1.0,1.0002,1.009241,5.976
2020-10-13,39.39,0.10925,11420.56,381.04,127.97,114.0,0.3429,39.25,23.04,,0.25678,0.4015,,3.3612,69.58,0.1227,1.0,1.0001,1.010584,6.03
2020-10-14,39.39,0.10703,11417.89,378.69,128.41,107.2,0.3282,39.25,23.04,,0.24937,0.4015,,3.1114,69.58,0.1227,1.0,1.0001,1.009792,5.735
2020-10-15,39.39,0.10666,11505.12,377.64,130.22,106.88,0.315,39.25,23.04,,0.24604,0.4015,,3.084,69.58,0.1227,1.0,1.0003,1.008986,5.771
2020-10-16,39.39,0.10414,11319.32,365.5,120.62,103.55,0.3005,39.25,23.04,,0.24024,0.4015,,3.048,69.58,0.1227,1.0,1.0001,1.00928,5.417
2020-10-17,41.393,0.10598,11360.2,368.32,120.1,103.09,0.3127,39.25,23.04,,0.24064,0.4015,,3.0591,69.58,0.1227,1.0,1.0,1.008275,5.432
2020-10-18,40.795,0.10735,11503.14,378.11,124.44,104.91,0.3158,39.25,23.04,,0.24216,0.4015,,3.2884,69.58,0.1227,1.0,1.0,1.009692,5.77
2020-10-19,36.075,0.10859,11751.47,379.3,125.77,102.98,0.3039,39.25,23.04,,0.24574,0.4015,,3.1737,69.58,0.1227,1.0,1.0,1.008526,5.5
2020-10-20,32.135,0.10238,11909.99,368.52,118.25,94.81,0.2873,39.25,23.04,,0.2436,0.4015,,2.8608,69.58,0.1227,1.0,1.0,1.00931,5.03
2020-10-21,35.107,0.10589,12780.96,390.38,121.24,95.48,0.3018,39.25,23.04,,0.25146,0.4015,,2.9435,69.58,0.1227,1.0,1.0,1.009796,5.241
2020-10-22,37.948,0.11077,12968.52,413.98,127.6,102.51,0.3163,39.25,23.04,,0.25746,0.4015,,3.0438,69.58,0.1227,1.0,0.9995,1.008263,5.445
2020-10-23,41.428,0.10805,12923.07,409.11,127.47,103.18,0.3092,39.25,23.04,,0.25499,0.4015,,3.0179,69.58,0.1227,1.0,1.0,1.008339,5.367
2020-10-24,39.397,0.10797,13111.73,412.14,129.31,105.17,0.3078,39.25,23.04,,0.25632,0.4015,,2.9446,69.58,0.1227,1.0,0.9996,1.006941,5.553
2020-10-25,37.866,0.10639,13028.83,405.86,131.08,101.17,0.3024,39.25,23.04,,0.25323,0.4015,,2.7793,69.58,0.1227,1.0,1.0,1.006076,5.296
2020-10-26,35.958,0.10306,13052.19,392.52,131.42,100.18,0.291,39.25,23.04,,0.24854,0.4015,,2.7159,69.58,0.1227,1.0,1.0001,1.00739,5.156
2020-10-27,34.933,0.10256,13636.17,403.45,133.83,109.96,0.2878,39.25,23.04,,0.25277,0.4015,,2.8111,69.58,0.1227,1.0,1.0,1.01135,5.115
2020-10-28,32.43,0.09869,13266.4,388.23,126.32,107.7,0.2762,39.25,23.04,,0.24559,0.4015,,2.6714,69.58,0.1227,1.0,1.0003,1.009138,4.805
2020-10-29,29.236,0.09531,13455.7,387.13,124.38,96.91,0.2574,39.25,23.04,,0.24239,0.4015,,2.5426,69.58,0.1227,1.0,0.9998,1.0088,4.636
2020-10-30,31.055,0.0933,13560.1,382.49,122.98,92.23,0.2545,39.25,23.04,,0.2393,0.4015,,2.4163,69.58,0.1227,1.0,0.9999,1.010075,4.627
2020-10-31,29.696,0.093,13791.0,386.46,126.52,90.88,0.2488,39.25,23.04,,0.23999,0.4015,,2.2692,69.58,0.1227,1.0,1.0002,1.010377,4.619
2020-11-01,30.727,0.09827,13761.5,396.67,127.08,94.0,0.2593,39.25,23.04,,0.24009,0.4015,,2.3799,69.58,0.1227,1.0,1.0002,1.01019,4.748
2020-11-02,29.672,0.09221,13549.37,383.02,118.82,91.17,0.2471,39.25,23.04,,0.23549,0.4015,,2.2561,69.58,0.1227,1.0,1.0002,1.01039,4.606
2020-11-03,28.105,0.09357,14023.53,387.88,121.13,87.54,0.2338,39.25,23.04,,0.23948,0.4015,,2.1392,69.58,0.1227,1.0,0.9999,1.010521,4.482
2020-11-04,27.689,0.0955,14144.01,402.49,115.67,88.86,0.2388,39.25,23.04,,0.2379,0.4015,,1.9336,69.58,0.1227,1.0,1.0003,1.009865,4.395
2020-11-05,30.895,0.09752,15590.02,416.69,119.56,90.93,0.248,39.25,23.04,,0.24602,0.4015,,2.1946,69.58,0.1227,1.0,0.9999,1.010752,4.502
2020-11-06,38.546,0.1091,15579.92,455.91,119.37,95.73,0.2767,39.25,23.04,,0.25864,0.4015,,2.5704,69.58,0.1227,1.0,1.0002,1.010489,4.885
2020-11-07,44.476,0.10128,14818.3,435.21,110.96,92.56,0.2583,39.25,23.04,,0.24923,0.4015,,2.4797,69.58,0.1227,1.0,0.9999,1.01039,4.62
2020-11-08,53.852,0.10655,15475.1,454.3,120.33,97.1,0.2663,39.25,23.04,,0.25369,0.4015,,2.8665,69.58,0.1227,1.0,0.9997,1.0091,4.811
2020-11-09,55.204,0.10561,15328.41,444.32,115.89,94.9,0.2605,39.25,23.04,,0.25056,0.4015,,2.6805,69.58,0.1227,1.0,0.9997,1.008352,5.155
2020-11-10,66.989,0.1059,15297.21,450.34,115.54,102.59,0.2896,39.25,23.04,,0.25409,0.4015,,3.0784,69.58,0.1227,1.0,1.0002,1.007569,5.092
2020-11-11,54.523,0.10599,15684.24,463.09,113.13,103.11,0.2785,39.25,23.04,,0.25612,0.4015,,2.9352,69.58,0.1227,1.0,1.0,1.008533,5.041
2020-11-12,51.854,0.1046,16291.86,462.39,112.16,104.4,0.2667,39.25,23.04,,0.25499,0.4015,,2.9603,69.58,0.1227,1.0,0.9998,1.007252,5.035
2020-11-13,63.551,0.10629,16320.7,476.43,114.09,116.7,0.2807,39.25,23.04,,0.26598,0.4015,,3.8624,69.58,0.1227,1.0,0.9997,1.007482,5.222
2020-11-14,66.796,0.10411,16070.45,460.89,116.89,121.63,0.2659,39.25,23.04,,0.2686,0.4015,,3.813,69.58,0.1227,1.0,1.0,1.00723,5.059
2020-11-15,64.244,0.10046,15957.0,448.08,114.6,120.11,0.2572,39.25,23.04,,0.26964,0.4015,,3.8497,69.58,0.1227,1.0,0.9999,1.006721,4.978
2020-11-16,73.052,0.10387,16713.57,460.55,118.52,120.12,0.2713,39.25,23.04,,0.28817,0.4015,,3.5608,69.58,0.1227,1.0,0.9999,1.005973,5.089
2020-11-17,79.463,0.10947,17659.38,482.15,125.55,122.74,0.2747,39.25,23.04,,0.30278,0.4015,,3.8132,69.58,0.1227,1.0,1.0001,1.004747,5.297
2020-11-18,75.395,0.10658,17776.12,478.41,123.51,114.41,0.2673,39.25,23.04,,0.29366,0.4015,,3.4624,69.58,0.1227,1.0,1.0001,1.0039,5.111
2020-11-19,76.429,0.1059,17802.82,471.25,118.49,113.46,0.2655,39.25,23.04,,0.30386,0.4015,,3.7512,69.58,0.1227,1.0,1.0002,1.003261,5.101
2020-11-20,75.134,0.11828,18655.67,510.12,121.04,116.23,0.2843,39.25,23.04,,0.33041,0.4015,,3.8619,69.58,0.1227,1.0,0.9999,1.005305,5.271
2020-11-21,70.838,0.13334,18703.8,552.35,128.46,127.49,0.3177,39.25,23.04,,0.46241,0.4015,,3.8341,69.58,0.1227,1.0,0.9997,1.004926,5.937
2020-11-22,68.899,0.14599,18414.43,560.03,123.65,116.98,0.2982,39.25,23.04,,0.44669,0.4015,,3.6819,69.58,0.1227,1.0,0.9997,1.00276,5.495
2020-11-23,72.671,0.15445,18368.0,608.58,129.88,125.72,0.3361,39.25,23.04,,0.61686,0.4015,,4.1856,69.58,0.1227,1.0,0.9997,1.002957,5.814
2020-11-24,66.843,0.16721,19160.01,604.97,135.15,127.78,0.3584,39.25,23.04,,0.69401,0.4015,,4.0678,69.58,0.1227,1.0,0.9999,1.003371,5.979
2020-11-25,61.67,0.15473,18719.11,569.5,128.8,122.6,0.3424,39.25,23.04,,0.63053,0.4015,,3.6676,69.58,0.1227,1.0,1.0,1.002192,5.909
2020-11-26,64.339,0.13843,17149.47,519.83,119.98,106.89,0.3014,39.25,23.04,,0.537,0.4015,,3.435,69.58,0.1227,1.0,0.9997,1.002556,5.344
2020-11-27,60.843,0.14178,17139.52,518.68,117.32,104.52,0.3003,39.25,23.04,,0.56192,0.4015,,3.311,69.58,0.1227,1.0,0.9999,1.003247,5.366
2020-11-28,63.795,0.16489,17719.85,537.52,122.03,108.27,0.313,39.25,23.04,,0.62706,0.4015,,3.4638,69.58,0.1227,1.0,1.0001,1.003954,5.448
2020-11-29,68.978,0.16663,18184.99,576.3,123.94,110.8,0.3175,39.25,23.04,,0.60568,0.4015,,3.5606,69.58,0.1227,1.0,1.0001,1.0044,5.442
2020-11-30,76.146,0.17204,19695.87,616.66,130.65,112.09,0.3294,39.25,23.04,,0.66415,0.4015,,3.7743,69.58,0.1227,1.0,1.0,1.007645,5.578
2020-12-01,74.215,0.15562,18764.96,585.26,125.79,105.05,0.3081,39.25,23.04,,0.61117,0.4015,,3.5541,69.58,0.1227,1.0,1.0,1.005422,5.266
2020-12-02,86.714,0.15845,19204.09,596.89,127.92,113.86,0.3416,39.25,23.04,,0.63098,0.4015,,3.9532,69.58,0.1227,1.0,1.0,1.003474,5.515
2020-12-03,91.64,0.16398,19421.9,615.85,133.54,131.81,0.3407,39.25,23.04,,0.63098,0.4015,,3.885,69.58,0.1227,1.0,0.9998,1.003878,5.506
2020-12-04,80.843,0.14781,18650.52,567.24,126.57,127.21,0.3255,39.25,23.04,,0.5538,0.4015,,3.5232,69.58,0.1227,1.0,0.9999,1.003909,5.05
2020-12-05,92.77,0.15993,19147.66,596.8,133.49,144.02,0.3433,39.25,23.04,,0.58591,0.4015,,3.6828,69.58,0.1227,1.0,0.9999,1.004758,5.264
2020-12-06,87.92,0.15873,19359.4,601.54,134.33,137.17,0.3368,39.25,23.04,,0.62223,0.4015,,3.6534,69.58,0.1227,1.0,1.0,1.005373,5.217
2020-12-07,90.815,0.15401,19166.9,591.28,138.61,149.94,0.3312,39.25,23.04,,0.60845,0.4015,,3.7544,69.58,0.1227,1.0,0.9999,1.00558,5.097
2020-12-08,80.198,0.1412,18324.11,554.94,135.87,155.44,0.3011,39.25,23.04,,0.5588,0.4015,,3.2977,69.58,0.1227,1.0,0.9998,1.005706,4.734
2020-12-09,82.56,0.14796,18541.28,573.09,132.46,164.69,0.3057,39.25,23.04,,0.58313,0.4015,,3.3577,69.47,0.1227,1.0,0.9998,1.003726,4.804
2020-12-10,76.542,0.14188,18254.63,558.99,133.6,149.17,0.2944,39.25,23.04,,0.57194,0.4015,,3.2399,65.94,0.1227,1.0,0.9998,1.004685,4.657
2020-12-11,74.792,0.13926,18036.53,544.43,141.43,142.55,0.2883,39.25,23.04,,0.55074,0.4015,,2.9631,63.57,0.1227,1.0,0.9998,1.004304,4.709
2020-12-12,77.859,0.14438,18808.69,568.04,146.82,144.59,0.3091,39.25,23.04,,0.50679,0.4015,,3.1231,66.0,0.1227,1.0,1.0,1.003337,5.07
2020-12-13,83.96,0.15406,19174.99,590.7,152.12,147.39,0.3092,39.25,23.04,,0.5131,0.4015,,3.3361,68.2,0.1227,1.0,0.9998,1.003201,5.192
2020-12-14,86.423,0.15877,19273.14,586.29,152.52,153.07,0.3131,39.25,23.04,,0.49777,0.4015,,3.4871,68.14,0.1227,1.0,1.0,1.002052,5.228
2020-12-15,87.15,0.15381,19426.43,588.64,150.5,150.0,0.3249,39.25,23.04,,0.46885,0.4015,,3.3296,67.79,0.1227,1.0,1.0,1.002266,5.289
2020-12-16,87.618,0.16814,21335.52,637.18,158.93,155.5,0.3402,39.25,23.04,,0.5701,0.4015,,3.5403,73.17,0.1227,1.0,0.9999,1.00255,5.493
2020-12-17,85.077,0.16336,22797.16,642.7,160.42,177.36,0.3322,39.25,23.04,,0.57848,0.4015,,3.6968,74.36,0.1227,1.0,0.9999,1.001497,5.362
2020-12-18,90.435,0.16502,23107.39,653.85,154.44,160.41,0.3537,39.25,23.04,,0.58474,0.4015,,3.7655,74.04,0.2617,1.0,0.9999,1.00188,5.331
2020-12-19,89.093,0.16433,23821.61,658.03,154.6,155.94,0.3561,39.25,23.04,,0.57786,0.4015,,3.9606,73.66,0.4785,1.0,1.0001,1.003158,5.292
2020-12-20,85.767,0.16201,23455.52,638.18,152.42,153.7,0.3396,39.25,23.04,,0.55632,0.4015,,3.7539,73.62,0.7453,1.0,0.9999,1.000846,5.034
2020-12-21,80.842,0.15278,22719.71,607.58,145.66,141.71,0.3248,39.25,23.04,,0.51467,0.4015,,3.5113,67.93,0.4722,1.0,0.9999,1.000688,5.041
2020-12-22,84.345,0.15646,23810.79,636.45,156.56,145.35,0.3366,39.25,23.04,,0.44667,0.4015,,3.7344,67.75,0.5461,1.0,0.9999,1.002056,4.942
2020-12-23,75.431,0.13635,23232.76,585.56,150.92,129.54,0.2891,39.25,23.04,,0.26001,0.4015,,3.3137,55.57,0.4111,1.0,0.9999,1.00254,4.398
2020-12-24,80.562,0.15304,23729.2,612.31,156.86,136.62,0.3141,39.25,23.04,,0.33782,0.4015,,3.5215,62.15,0.4101,1.0,1.0001,1.002976,4.958
2020-12-25,79.742,0.15761,24712.47,626.82,159.14,137.71,0.3088,39.25,23.04,,0.31855,0.4015,,3.4976,64.37,0.3592,1.0,1.0001,1.002257,4.911
2020-12-26,75.212,0.15839,26493.39,637.44,168.21,129.97,0.3093,39.25,23.04,,0.29434,0.4015,,3.4166,66.57,0.4855,1.0,1.0,1.002227,4.806
2020-12-27,76.919,0.15467,26281.66,685.11,156.99,131.29,0.3185,39.25,23.04,,0.28339,0.4015,,3.593,66.88,0.396,1.0,1.0001,1.003507,4.841
2020-12-28,81.887,0.17627,27079.41,730.41,166.64,143.37,0.3576,39.25,23.04,,0.24745,0.4015,,3.7294,69.03,0.3804,1.0,1.0001,1.003499,5.384
2020-12-29,78.169,0.19067,27385.0,732.0,161.54,139.33,0.3462,39.25,23.04,,0.22127,0.4015,,3.6786,65.24,0.373,1.0,1.0001,1.004271,5.62
2020-12-30,81.117,0.18389,28875.54,752.17,159.55,157.17,0.3355,39.25,23.04,,0.21138,0.4015,,4.1497,64.12,0.3747,1.0,0.9999,1.003531,5.432
2020-12-31,88.503,0.18134,28923.63,736.42,156.22,149.27,0.3363,39.25,23.04,,0.2195,0.4015,,5.162,64.11,0.3513,1.0,0.9997,1.003932,6.485
2021-01-01,90.909,0.17509,29331.69,728.91,135.81,145.97,0.3991,39.25,23.04,,0.23804,0.4015,,4.7478,56.9,0.3622,1.0,0.9999,1.004911,5.879
2021-01-02,85.888,0.17742,32178.33,774.56,143.52,136.66,0.4082,39.25,23.04,,0.22108,0.4015,,4.856,57.55,0.3278,1.0,1.0002,1.000689,5.422
2021-01-03,94.185,0.20615,33000.05,978.28,138.26,147.14,0.4258,39.25,23.04,,0.22518,0.4015,,5.5241,59.41,0.2991,1.0,1.0,1.003419,5.842
2021-01-04,114.322,0.22528,31988.71,1041.43,133.79,151.21,0.4495,39.25,23.04,,0.23601,0.4015,,5.4248,60.47,0.3096,1.0,1.0001,1.001753,6.042
2021-01-05,119.8,0.25873,33949.53,1099.56,136.0,162.02,0.4807,39.25,23.04,,0.22635,0.4015,,6.2715,59.81,0.3385,1.0,0.9999,1.003409,6.212
2021-01-06,115.719,0.33309,36769.36,1208.42,142.31,184.52,0.513,39.25,23.04,,0.24905,0.4015,,6.437,64.02,0.3706,1.0,0.9999,1.002212,6.697
2021-01-07,115.235,0.29928,39432.28,1224.87,142.9,172.56,0.4615,39.25,23.04,,0.32407,0.4015,,6.2745,67.91,0.3459,1.0,0.9999,1.001727,6.262
2021-01-08,110.686,0.30389,40582.81,1216.93,142.11,165.73,0.4557,39.25,23.04,,0.3211,0.4015,,5.8751,68.75,0.3292,1.0,0.9999,1.000796,5.942
2021-01-09,117.674,0.33062,40088.22,1276.0,147.4,180.63,0.4868,39.25,23.04,,0.32547,0.4015,,6.2453,78.81,0.3493,1.0,0.9999,1.002209,6.576
2021-01-10,126.987,0.30153,38150.02,1254.25,184.89,194.67,0.4575,39.25,23.04,,0.31525,0.4015,,5.9887,96.42,0.3266,1.0,0.9999,1.000107,6.42
2021-01-11,114.329,0.2757,35404.47,1087.01,157.96,168.45,0.4178,39.25,23.04,,0.28781,0.4015,,5.2521,88.16,0.2904,1.0,1.0,1.000481,5.734
2021-01-12,127.74,0.28888,34051.24,1050.16,159.09,183.61,0.3989,39.25,23.04,,0.29251,0.4015,,5.5909,99.52,0.277,1.0,1.0,0.9995,5.707
2021-01-13,146.778,0.3123,37371.38,1129.89,171.55,211.12,0.4505,39.25,23.04,,0.30578,0.4015,,6.3398,117.36,0.3247,1.0,0.9999,0.999785,6.245
2021-01-14,147.766,0.31201,39144.5,1231.62,163.81,214.52,0.4557,39.25,23.04,,0.29573,0.4015,,6.9473,111.82,0.3332,1.0,0.9999,1.001064,6.478
2021-01-15,166.525,0.30188,36742.22,1168.53,156.98,202.43,0.4866,39.25,23.04,,0.28058,0.4015,,7.365,103.41,0.3378,1.0,1.0,1.000371,7.907
2021-01-16,181.145,0.35071,35994.98,1227.83,155.56,206.85,0.5189,39.25,23.04,,0.27904,0.4015,,8.3963,108.25,0.4658,1.0,0.9999,1.000134,9.044
2021-01-17,186.482,0.38081,35828.61,1232.45,159.65,216.61,0.5874,39.25,23.04,,0.27732,0.4015,,8.6782,102.33,0.5193,1.0,0.9999,1.000859,8.536
2021-01-18,200.944,0.37123,36631.27,1258.45,156.98,225.8,0.567,39.25,23.04,,0.28536,0.4015,,9.194,104.09,0.6181,1.0,1.0,1.001305,9.551
2021-01-19,186.0,0.3672,35891.49,1365.36,157.27,211.35,0.5211,39.25,23.04,,0.29424,0.4015,,8.5947,102.55,0.5398,1.0,0.9999,1.000511,8.901
2021-01-20,197.316,0.37532,35468.23,1376.99,152.77,212.98,0.5486,39.25,23.04,,0.29534,0.4015,,8.9794,99.25,0.5232,1.0,0.9999,1.000983,8.911
2021-01-21,160.343,0.30785,30850.13,1110.96,130.53,176.23,0.4616,39.25,23.04,,0.26804,0.4015,,7.5714,82.88,0.4356,1.0,0.9999,1.001122,7.165
2021-01-22,189.581,0.34867,32945.17,1232.62,135.79,199.4,0.5085,39.25,23.04,,0.27282,0.4015,,8.7075,87.03,0.5106,1.0,0.9999,1.001437,7.991
2021-01-23,213.996,0.34583,32078.0,1233.6,139.03,206.83,0.5571,39.25,23.04,,0.27176,0.4015,,9.3398,86.08,0.5848,1.0,0.9999,1.002568,8.337
2021-01-24,264.705,0.35345,32259.9,1392.51,138.03,250.53,0.5631,39.25,23.04,,0.27357,0.4015,,12.0407,90.07,0.5561,1.0,1.0,1.001401,8.251
2021-01-25,247.947,0.34308,32254.2,1317.88,137.16,212.72,0.5562,39.25,23.04,,0.26768,0.4015,,11.3122,87.81,0.5295,1.0,1.0,1.000174,7.746
2021-01-26,277.765,0.3433,32467.77,1365.97,137.85,238.64,0.6012,39.25,23.04,,0.26866,0.4015,,13.9344,89.27,0.5371,1.0,0.9999,1.000642,7.73
2021-01-27,286.32,0.31144,30366.15,1239.03,125.45,219.11,0.542,39.25,23.04,,0.25103,0.4015,,14.7553,78.64,0.4852,1.0,0.9999,1.000301,6.973
2021-01-28,298.549,0.34409,33364.86,1329.69,135.43,252.36,0.561,39.25,23.04,,0.26476,0.4015,,14.1284,86.97,0.5585,1.0,0.9999,1.001596,8.056
2021-01-29,288.649,0.34752,34252.2,1379.5,140.31,295.55,0.6367,39.25,23.04,,0.28314,0.4015,,15.6391,85.63,0.5536,1.0,0.9999,1.000709,7.989
2021-01-30,315.496,0.364,34262.88,1378.05,139.43,338.27,0.6654,39.25,23.04,,0.44432,0.4015,,19.5737,84.48,0.6377,1.0,0.9999,1.000267,8.07
2021-01-31,300.369,0.34475,33092.98,1312.55,137.73,347.35,0.6532,39.25,23.04,,0.49561,0.4015,,17.733,85.57,0.7947,1.0,0.9999,1.000494,8.164
2021-02-01,295.759,0.40876,33526.37,1374.17,143.36,362.01,0.644,39.25,23.04,,0.37115,0.4015,,20.4901,88.73,0.7841,1.0,0.9999,1.001045,9.289
2021-02-02,303.288,0.42498,35466.24,1511.87,151.19,356.48,0.6515,39.25,23.04,,0.37244,0.4015,,18.9755,92.6,0.7522,1.0,0.9999,1.001295,8.904
2021-02-03,384.168,0.44189,37618.87,1664.49,154.6,389.94,0.7465,39.25,23.04,,0.39797,0.4015,,19.7515,95.4,0.827,1.0,1.0,1.000299,9.322
2021-02-04,466.853,0.43934,36936.66,1595.67,148.04,455.17,0.7072,39.25,23.04,,0.44619,0.4015,,20.14,90.11,0.8169,1.0,1.0,1.000804,9.166
2021-02-05,507.413,0.53917,38290.24,1719.19,155.4,532.75,0.836,39.25,23.04,,0.45276,0.4015,,21.1938,96.73,0.9522,1.0,1.0,1.000945,12.225
2021-02-06,475.062,0.63444,39186.94,1676.35,152.06,464.99,0.8135,39.25,23.04,,0.44412,0.4015,,19.2755,94.46,0.8679,1.0,1.0,1.000794,12.094
2021-02-07,473.334,0.66109,38795.69,1611.62,150.31,458.3,0.8462,39.25,23.04,,0.41967,0.4015,,18.687,92.39,0.9179,1.0,1.0,1.000695,13.86
2021-02-08,491.504,0.67638,46374.87,1750.15,163.21,455.2,1.0066,39.25,23.04,,0.45193,0.4015,,19.3274,98.06,0.9692,1.0,1.0,1.001345,14.194
2021-02-09,490.233,0.70562,46420.42,1769.13,169.14,490.0,1.0303,39.25,23.04,,0.47697,0.4015,,19.5453,108.96,1.053,1.0,1.0,1.001446,15.081
2021-02-10,523.833,0.93966,44807.58,1740.78,175.6,473.03,1.0326,39.25,23.04,,0.50568,0.4015,,20.6903,116.53,1.2698,1.0,0.9999,1.001245,14.982
2021-02-11,517.458,0.92796,47969.51,1785.62,190.49,501.77,1.2396,39.25,23.04,,0.52917,0.4015,,21.4856,142.12,2.0377,1.0,0.9999,1.001145,17.664
2021-02-12,529.0,0.92426,47287.6,1840.26,200.64,537.87,1.7221,39.25,23.04,,0.61031,0.4015,,22.7095,143.02,2.242,1.0,1.0,1.002097,21.139
2021-02-13,496.585,0.91299,47153.69,1814.96,240.99,511.68,1.674,39.25,23.04,,0.63446,0.4015,,21.8343,176.49,2.339,1.0,0.9999,1.001546,20.275
2021-02-14,469.441,0.84364,48577.79,1800.42,230.14,471.44,1.4734,39.25,23.04,,0.59259,0.4015,,20.8615,156.4,2.1651,1.0,1.0001,1.002648,19.131
2021-02-15,456.364,0.86143,47911.1,1779.25,228.21,461.35,1.3571,39.25,23.04,,0.54911,0.4015,,20.0943,159.1,2.1413,1.0,1.0001,1.001295,22.495
2021-02-16,433.691,0.87,49133.45,1781.99,221.48,457.22,1.3141,39.25,23.04,,0.51985,0.4015,,20.4684,156.06,2.0662,1.0,1.0001,1.000645,25.097
2021-02-17,451.677,0.89206,52119.71,1849.88,272.25,474.27,1.3684,39.25,23.04,,0.53367,0.4015,,21.5497,168.73,2.1824,1.0,0.9999,1.001245,23.881
2021-02-18,442.217,0.91442,51552.6,1939.61,260.94,456.77,1.3988,39.25,23.04,,0.53199,0.4015,,21.1637,169.93,2.2949,1.0,1.0,1.0009,23.045
2021-02-19,420.365,0.92581,55906.0,1955.0,282.51,451.46,1.3721,39.25,23.04,,0.56451,0.4015,,20.0653,180.24,2.1653,1.0,1.0001,0.999995,22.889
2021-02-20,441.261,1.11568,55841.19,1913.0,255.11,453.66,1.3128,39.25,23.04,,0.51247,0.4015,,28.7552,164.35,2.2864,1.0,1.0001,1.000995,21.601
2021-02-21,437.748,1.09894,57408.57,1933.53,247.28,453.6,1.3087,39.25,23.04,,0.54515,0.4015,,28.8088,162.03,2.3076,1.0,0.9999,1.000201,21.633
2021-02-22,401.031,1.09703,54087.67,1777.58,224.22,422.65,1.144,39.25,23.04,,0.56619,0.4015,,27.7025,144.49,2.0232,1.0,1.0001,0.999695,21.153
2021-02-23,364.411,0.96197,48891.0,1577.89,220.85,384.0,1.0059,39.25,23.04,,0.47646,0.4015,,24.8301,127.27,1.7034,1.0,1.0001,1.000995,20.172
2021-02-24,366.993,1.04902,49676.2,1623.39,204.27,438.11,1.0615,39.25,23.04,,0.46923,0.4015,,25.2638,131.16,1.8975,1.0,1.0003,1.001038,19.537
2021-02-25,339.285,1.07691,47073.73,1481.75,198.98,396.22,0.9815,39.25,23.04,,0.43564,0.4015,,23.5127,120.99,1.7213,1.0,1.0003,1.001145,17.732
2021-02-26,323.417,1.24303,46276.87,1444.59,204.2,397.68,0.9728,39.25,23.04,,0.42821,0.4015,,23.1103,118.42,1.7284,1.0,1.0,1.001093,18.865
2021-02-27,333.032,1.31402,46106.43,1458.13,209.26,399.58,1.1001,39.25,23.04,,0.43639,0.4015,,23.5813,119.87,1.6858,1.0,1.0001,1.001099,19.179
2021-02-28,354.498,1.31203,45135.66,1419.18,219.18,406.11,1.0237,39.25,23.04,,0.41661,0.4015,,22.264,111.61,1.5945,1.0,0.9999,1.003103,17.671
2021-03-01,385.591,1.29627,49587.03,1569.86,230.4,494.08,1.0901,39.25,23.04,,0.44593,0.4015,,25.7131,124.44,1.927,1.0,0.9999,1.001245,18.709
2021-03-02,391.383,1.2228,48440.65,1486.78,220.04,500.0,1.0839,39.25,23.04,,0.43624,0.4015,,25.5477,120.54,1.8328,1.0,0.9999,1.000295,18.874
2021-03-03,396.551,1.21311,50349.37,1567.69,218.7,492.0,1.1786,39.25,23.04,,0.44935,0.4015,,25.35,126.72,1.9519,1.0,0.9999,1.001116,21.41
2021-03-04,374.408,1.11239,48374.09,1539.23,217.52,469.7,1.09,39.25,23.04,,0.48101,0.4015,,28.2354,122.0,1.8558,1.0,1.0,1.00141,18.835
2021-03-05,367.408,1.15908,48751.71,1528.31,205.84,475.46,1.0535,39.25,23.04,,0.45649,0.4015,,28.3046,121.13,1.8266,1.0,1.0002,1.001345,18.692
2021-03-06,388.119,1.129,48882.2,1650.35,204.35,491.66,1.0512,39.25,23.04,,0.46318,0.4015,,28.5293,125.18,1.7955,1.0,1.0,1.001245,18.924
2021-03-07,414.765,1.13042,50971.75,1726.16,208.99,490.99,1.1075,39.25,23.04,,0.46577,0.4015,,34.2736,130.11,1.8773,1.0,1.0,1.000495,19.492
2021-03-08,437.608,1.11848,52375.17,1833.18,221.08,477.0,1.1565,39.25,23.04,,0.47441,0.4015,,33.2371,129.7,1.9065,1.0,0.9999,1.000928,19.393
2021-03-09,445.133,1.1972,54884.5,1870.51,225.16,501.77,1.1802,39.25,23.04,,0.48555,0.4015,,32.8789,137.82,2.1202,1.0,1.0001,1.00094,21.123
2021-03-10,406.952,1.13261,55851.59,1795.12,220.19,461.64,1.1097,39.25,23.04,,0.46237,0.4015,,30.8942,139.76,2.0296,1.0,1.0001,1.000745,19.605
2021-03-11,406.192,1.1243,57773.16,1825.78,221.11,465.33,1.0849,39.25,23.04,,0.45208,0.4015,,31.0093,152.08,1.9107,1.0,1.0001,1.000495,19.341
2021-03-12,374.439,1.03207,57221.72,1766.1,222.85,433.58,1.0501,39.25,23.04,,0.43941,0.4015,,30.8939,145.27,1.736,1.0,1.0001,1.001501,18.566
2021-03-13,414.966,1.1,61188.39,1922.35,239.46,465.15,1.1379,39.25,23.04,,0.458,0.4015,,32.4643,156.33,1.7934,1.0,0.9999,1.000995,19.366
2021-03-14,380.762,1.05243,58968.31,1848.1,232.25,438.0,1.1187,39.25,23.04,,0.43989,0.4015,,30.6529,143.28,1.7312,1.0,0.9999,1.00211,18.45
2021-03-15,367.811,1.03103,55605.2,1793.48,221.88,431.65,1.1965,39.25,23.04,,0.43562,0.4015,,29.8061,135.04,1.7168,1.0,0.9999,1.00193,19.875
2021-03-16,370.749,1.24924,56900.75,1805.12,229.92,431.8,1.2022,39.25,23.04,,0.45984,0.4015,,30.0538,139.41,1.7134,1.0,0.9999,1.001219,21.016
2021-03-17,383.201,1.377,58912.97,1823.58,236.2,435.48,1.2895,39.25,23.04,,0.47013,0.4015,,31.3152,146.22,1.7191,1.0,1.0,1.001418,20.899
2021-03-18,363.497,1.22925,57648.16,1776.08,228.04,428.69,1.2568,39.25,23.04,,0.46898,0.4015,,29.9991,142.93,1.692,1.0,1.0,1.001393,22.093
2021-03-19,369.684,1.29474,58030.01,1809.1,231.43,443.26,1.2489,39.25,23.04,,0.46727,0.4015,,33.254,150.49,1.6901,1.0,0.9999,1.000567,22.183
2021-03-20,370.832,1.20046,58102.28,1806.1,231.95,412.21,1.2096,39.25,23.04,,0.52542,0.4015,,32.0266,154.88,1.721,1.0,1.0,1.001258,20.871
2021-03-21,367.842,1.18561,57351.56,1782.98,231.66,403.66,1.1801,39.25,23.04,,0.5171,0.4015,,32.9426,148.31,1.7,1.0,1.0001,1.001145,20.503
2021-03-22,336.257,1.1015,54083.25,1680.97,217.08,378.63,1.1043,39.25,23.04,,0.54441,0.4015,,32.8501,139.69,1.545,1.0,0.9999,1.001399,19.189
2021-03-23,330.828,1.11639,54340.89,1668.08,218.02,359.4,1.1115,39.25,23.04,,0.54963,0.4015,,31.0053,136.13,1.5031,1.0,0.9999,1.001201,18.729
2021-03-24,308.382,1.06902,52303.65,1581.84,210.67,344.71,1.0272,39.25,23.04,,0.47929,0.4015,,27.2393,127.65,1.3913,1.0,0.9999,1.000925,17.44
2021-03-25,326.127,1.0956,51293.78,1585.74,214.33,360.62,1.043,39.25,23.04,,0.51231,0.4015,,26.5198,123.02,1.3404,1.0,0.9999,1.000794,17.112
2021-03-26,358.378,1.2142,55025.59,1698.84,221.7,369.52,1.1183,39.25,23.04,,0.56346,0.4015,,28.9103,133.45,1.555,1.0,0.9998,1.001769,18.95
2021-03-27,351.839,1.17678,55817.14,1712.63,221.27,363.17,1.1585,39.25,23.04,,0.54807,0.4015,,28.1708,133.55,1.4674,1.0,0.9999,1.001658,18.719
2021-03-28,347.697,1.18983,55777.63,1687.01,232.66,361.81,1.2346,39.25,23.04,,0.54765,0.4015,,27.8627,144.95,1.8151,1.0,0.9999,1.000581,19.334
2021-03-29,361.282,1.20239,57635.47,1816.74,233.8,409.98,1.4016,39.25,23.04,,0.56522,0.4015,,29.0171,149.02,1.7706,1.0,0.9999,1.001171,20.256
2021-03-30,378.034,1.21189,58746.57,1840.46,244.39,402.4,1.3253,39.25,23.04,,0.56336,0.4015,,28.543,154.61,1.7618,1.0,0.9999,1.000779,19.983
2021-03-31,383.345,1.19191,58740.55,1919.37,245.8,399.23,1.3667,39.25,23.04,,0.56954,0.4015,,28.0773,158.24,1.7199,1.0,1.0,0.99989,19.099
2021-04-01,382.953,1.18377,58720.44,1968.05,250.65,450.11,1.3213,39.25,23.04,,0.57008,0.4015,,28.666,165.36,1.7733,1.0,0.9999,0.999698,19.48
2021-04-02,421.565,1.18998,58950.01,2133.69,257.7,486.04,1.3593,39.25,23.04,,0.60649,0.4015,,30.2174,169.7,1.8873,1.0,0.9999,1.000995,20.318
2021-04-03,379.916,1.16238,57051.94,2008.52,257.23,479.14,1.2642,39.25,23.04,,0.57962,0.4015,,29.376,171.48,1.6805,1.0,1.0,1.000707,20.049
2021-04-04,403.704,1.18206,58202.01,2075.69,263.6,548.11,1.3096,39.25,23.04,,0.63465,0.4015,,30.9282,187.16,1.7586,1.0,1.0,1.000706,21.548
2021-04-05,399.006,1.2118,59129.99,2107.38,265.37,512.44,1.4012,39.25,23.04,,0.91431,0.4015,,30.865,197.19,1.8278,1.0,1.0,1.001076,21.43
2021-04-06,384.046,1.252,57991.15,2112.21,270.68,482.06,1.3996,39.25,23.04,,1.09702,0.4015,,31.2496,191.1,1.7648,1.0,1.0,1.000447,21.637
2021-04-07,349.609,1.17359,55953.45,1963.47,257.44,441.66,1.303,39.25,23.04,,0.91441,0.4015,,28.5546,171.1,1.655,1.0,1.0,1.000253,19.554
2021-04-08,371.178,1.21926,58077.52,2080.46,269.69,456.06,1.3511,39.25,23.04,,1.06262,0.4015,,30.206,184.78,1.7491,1.0,0.9999,1.000311,20.54
2021-04-09,359.59,1.20201,58142.54,2066.87,273.37,453.68,1.3933,39.25,23.04,,1.01837,0.4015,,29.5322,194.26,1.7389,1.0,1.0,1.000162,21.379
2021-04-10,367.812,1.21747,59769.13,2133.49,291.72,450.82,1.3903,39.25,23.04,,1.37394,0.4015,,29.7501,206.1,1.8882,1.0,0.9998,1.000099,21.017
2021-04-11,372.519,1.26355,60002.43,2151.36,328.9,458.22,1.5199,39.25,23.04,,1.35243,0.4015,,29.9059,222.74,1.8975,1.0,0.9999,0.999707,23.354
2021-04-12,398.331,1.31431,59860.0,2137.69,314.32,463.76,1.4832,39.25,23.04,,1.46819,0.4015,,36.7001,221.46,2.0133,1.0,1.0,0.99908,22.011
2021-04-13,399.946,1.41246,63575.0,2299.19,327.43,485.0,1.5157,39.25,23.04,,1.79583,0.4015,,35.4266,226.57,1.9232,1.0,1.0,1.000011,23.839
2021-04-14,428.919,1.45092,62959.53,2432.6,320.65,485.97,1.4647,39.25,23.04,,1.83817,0.4015,,36.037,237.55,2.0227,1.0,0.9999,1.000351,27.081
2021-04-15,466.361,1.4782,63159.98,2514.04,344.4,562.52,1.5714,39.25,23.04,,1.75937,0.4015,,37.768,252.64,2.1015,1.0,1.0001,1.001161,27.823
2021-04-16,441.706,1.40989,61334.8,2422.67,340.66,564.16,1.5068,39.25,23.04,,1.54981,0.4015,,36.2071,270.67,1.9912,1.0,1.0,0.999983,25.508
2021-04-17,425.825,1.36802,60006.66,2317.6,363.77,536.1,1.703,39.25,23.04,,1.54211,0.4015,,34.7684,279.69,1.9335,1.0,1.0,1.00088,24.328
2021-04-18,382.106,1.27693,56150.01,2235.64,338.48,488.7,1.4608,39.25,23.04,,1.41371,0.4015,,31.7109,260.58,1.707,1.0,1.0,1.000239,21.461
2021-04-19,344.495,1.1945,55633.14,2161.12,358.07,478.16,1.2936,39.25,23.04,,1.31032,0.4015,,31.381,225.63,1.5593,1.0,1.0,1.000656,19.26
2021-04-20,360.51,1.26689,56425.0,2330.03,404.34,485.39,1.2912,39.25,23.04,,1.38587,0.4015,,31.9838,249.67,1.591,1.0,1.0,1.00048,21.277
2021-04-21,351.373,1.20358,53787.63,2357.06,375.44,492.61,1.2115,39.25,23.04,,1.29017,0.4015,,33.404,237.2,1.5266,1.0,1.0,1.00054,19.565
2021-04-22,360.042,1.144,51690.96,2397.94,346.68,528.37,1.1627,39.25,23.04,,1.15592,0.4015,,33.9642,224.03,1.4105,1.0,1.0,1.00048,18.76
2021-04-23,344.026,1.15866,51125.14,2367.39,354.37,624.18,1.1697,39.25,23.04,,1.17113,0.4015,,33.0023,219.9,1.3984,1.0,1.0001,1.001219,20.547
2021-04-24,317.323,1.10287,50047.84,2213.35,381.18,568.94,1.0901,39.25,23.04,,1.052,0.4015,,30.1914,198.69,1.2579,1.0,1.0,1.00132,18.46
2021-04-25,348.845,1.0913,49066.77,2320.49,355.44,554.09,1.0958,39.25,23.04,,1.03246,0.4015,,34.3872,202.57,1.26,1.0,1.0,1.00122,18.739
2021-04-26,405.812,1.2375,54001.39,2532.6,405.46,642.43,1.2367,39.25,23.04,,1.365,0.4015,,38.1899,227.21,1.4613,1.0,1.0,1.001277,22.079
2021-04-27,441.081,1.3063,55011.97,2666.13,401.6,659.1,1.3107,39.25,23.04,,1.40322,0.4015,,39.6709,242.05,1.56,1.0,1.0,1.001079,23.084
2021-04-28,461.005,1.3379,54846.22,2748.24,413.54,647.35,1.2901,39.25,23.04,,1.35998,0.4015,,42.8911,240.8,1.5362,1.0,0.9999,1.001637,22.964
2021-04-29,439.447,1.3063,53555.0,2757.04,407.32,643.31,1.3234,39.25,23.04,,1.39984,0.4015,,41.0919,229.68,1.4976,1.0,0.9999,1.001127,22.271
2021-04-30,445.169,1.3532,57694.27,2772.42,421.78,743.54,1.4046,39.25,23.04,,1.60042,0.4015,,40.6781,245.68,1.5597,1.0,0.9999,1.001379,22.74
2021-05-01,505.889,1.3516,57800.37,2944.77,425.76,803.69,1.3956,39.25,23.04,,1.6544,0.4015,,40.3521,257.86,1.6779,1.0,1.0,1.001236,23.827
2021-05-02,483.153,1.3267,56578.21,2949.56,404.46,806.53,1.3898,39.25,23.04,,1.56244,0.4015,,42.6666,243.67,1.6111,1.0,0.9999,1.00134,23.12
2021-05-03,519.246,1.3622,57169.39,3431.04,411.31,832.25,1.4362,39.25,23.04,,1.55255,0.4015,,42.3508,250.48,1.5908,1.0,1.0,1.001419,22.991
2021-05-04,448.418,1.2698,53200.01,3239.01,379.54,740.1,1.2746,39.25,23.04,,1.38884,0.4015,,43.1305,241.28,1.4327,1.0,1.0,1.00076,20.979
2021-05-05,481.675,1.4798,57436.11,3524.26,417.16,787.97,1.4436,39.25,23.04,,1.61348,0.4015,,42.4676,292.32,1.5377,1.0,0.9998,1.001619,24.931
2021-05-06,453.478,1.6491,56393.68,3489.73,422.45,741.82,1.5453,39.25,23.04,,1.60424,0.4015,,40.2343,309.25,1.6057,1.0,1.0,1.00094,25.543
2021-05-07,445.998,1.653,57314.75,3479.53,454.81,715.37,1.5794,39.25,23.04,,1.58105,0.4015,,39.7486,320.16,1.6022,1.0,1.0,1.001198,28.657
2021-05-08,466.888,1.6211,58862.05,3910.26,475.59,784.0,1.5207,39.25,23.04,,1.56533,0.4015,,40.5791,316.33,1.5883,1.0,1.0,1.00166,29.547
2021-05-09,459.835,1.7663,58240.84,3923.95,484.0,771.55,1.5172,39.25,23.04,,1.53661,0.4015,,39.4614,305.81,1.5351,1.0,0.9998,1.00158,28.731
2021-05-10,433.354,1.6423,55816.14,3945.88,441.03,781.03,1.3719,39.25,23.04,,1.39233,0.4015,,36.4121,284.03,1.3852,1.0,1.0001,1.001259,25.357
2021-05-11,457.5,1.7632,56670.02,4173.45,453.41,855.02,1.4749,39.25,23.04,,1.47957,0.4015,,38.587,302.58,1.4624,1.0,1.0001,1.001785,26.959
2021-05-12,515.2,1.5694,49631.32,3823.21,396.06,737.09,1.2762,39.25,23.04,,1.255,0.4015,,37.0508,273.87,1.292,1.0,1.0001,1.002603,22.882
2021-05-13,509.23,1.9296,49670.97,3717.91,402.34,767.12,1.3527,39.25,23.04,,1.36387,0.4015,,37.3176,296.75,1.3148,1.0,0.9999,1.000425,23.502
2021-05-14,595.41,2.0069,49841.45,4075.01,412.91,774.98,1.4779,39.25,23.04,,1.4054,0.4015,,40.4393,306.43,1.3664,1.0,1.0,1.00118,25.883
2021-05-15,517.53,2.1744,46762.99,3646.68,382.38,690.09,1.3891,39.25,23.04,,1.48857,0.4015,,36.537,271.16,1.3171,1.0,1.0,1.000514,24.496
2021-05-16,528.24,2.3002,46431.5,3582.1,390.65,684.29,1.3979,39.25,23.04,,1.45004,0.4015,,36.6235,262.4,1.2992,1.0,1.0001,1.000551,24.289
2021-05-17,573.03,2.0307,43538.04,3282.51,339.87,694.75,1.2861,39.25,23.04,,1.49543,0.4015,,33.2527,235.64,1.1955,1.0,1.0001,1.00063,21.101
2021-05-18,627.87,2.0036,42849.78,3375.07,341.02,665.99,1.3658,39.25,23.04,,1.59238,0.4015,,35.0301,255.33,1.2258,1.0,1.0001,1.000555,22.879
2021-05-19,411.69,1.4663,36690.09,2438.92,197.34,471.51,0.9494,39.25,23.04,,1.06226,0.4015,,23.352,150.0,0.7503,1.0,0.9999,1.000829,13.834
2021-05-20,467.13,1.8006,40526.64,2768.62,280.79,548.77,1.1108,39.25,23.04,,1.18153,0.4015,,26.4352,183.0,0.9083,1.0,1.0001,1.000401,16.953
2021-05-21,372.65,1.5493,37252.01,2430.98,256.2,449.32,0.9771,39.25,23.04,,1.00921,0.4015,,21.9855,156.66,0.8532,1.0,1.0,1.001643,13.609
2021-05-22,334.13,1.4629,37449.73,2294.87,231.12,384.22,0.9739,39.25,23.04,,0.90547,0.4015,,20.3746,142.69,0.7899,1.0,1.0,1.001092,12.261
2021-05-23,292.82,1.3139,34655.25,2096.39,225.5,340.62,0.8188,39.25,23.04,,0.7931,0.4015,,16.7319,114.58,0.6519,1.0,1.0001,1.00107,11.659
2021-05-24,387.41,1.55,38796.29,2648.43,256.22,427.75,0.9819,39.25,23.04,,0.99474,0.4015,,24.707,149.44,0.8266,1.0,1.0,1.001234,14.575
2021-05-25,370.56,1.5532,38324.72,2705.11,246.62,427.95,0.9766,39.25,23.04,,0.97696,0.4015,,25.145,145.36,0.8235,1.0,1.0,1.000971,13.93
2021-05-26,415.06,1.7791,39241.91,2884.94,268.53,464.12,1.0248,39.25,23.04,,1.03307,0.4015,,29.44,158.78,0.8424,1.0,1.0,1.001679,15.284
2021-05-27,371.88,1.6552,38529.98,2742.23,252.84,423.89,0.976,39.25,23.04,,0.97083,0.4015,,28.5568,150.61,0.7722,1.0,1.0,1.00102,14.54
2021-05-28,320.05,1.5133,35663.49,2412.1,262.1,377.02,0.9,39.25,23.04,,0.89936,0.4015,,25.867,165.03,0.6514,1.0,1.0,1.000988,12.704
2021-05-29,298.02,1.4029,34605.15,2278.74,243.16,354.27,0.8328,39.25,23.04,,0.83177,0.4015,,23.1772,149.38,0.6292,1.0,0.9999,1.000934,12.084
2021-05-30,324.38,1.5751,35641.27,2385.98,261.9,406.08,0.8493,39.25,23.04,,0.90521,0.4015,,25.7134,149.77,0.7392,1.0,1.0001,1.00115,12.555
2021-05-31,382.44,1.7373,37253.81,2706.15,272.21,435.91,0.9359,39.25,23.04,,1.04118,0.4015,,28.2615,161.88,0.7935,1.0,1.0001,1.001059,13.943
2021-06-01,373.13,1.7363,36693.09,2634.57,266.37,426.44,0.8952,39.25,23.04,,1.01077,0.4015,,27.404,154.03,0.7703,1.0,1.0001,1.001235,13.753
2021-06-02,384.24,1.7534,37568.68,2706.22,294.63,434.56,1.0196,39.25,23.04,,1.02688,0.4015,,27.6067,164.21,0.766,1.0,1.0001,1.000916,14.859
2021-06-03,398.36,1.8453,39246.79,2857.25,309.57,449.8,1.1112,39.25,23.04,,1.04516,0.4015,,28.681,173.0,0.9509,1.0,1.0001,1.000996,16.668
2021-06-04,373.11,1.7077,36829.0,2689.51,287.36,401.4,1.0285,39.25,23.04,,0.96904,0.3769,,26.4231,155.72,0.8018,1.0,0.9999,1.001077,15.075
2021-06-05,356.22,1.6551,35513.2,2627.73,264.01,387.31,0.977,39.25,23.04,,0.92237,0.3718,,25.641,153.0,0.7521,1.0,1.0001,1.000757,14.853
2021-06-06,365.48,1.6771,35796.31,2711.92,272.5,388.29,1.025,39.25,23.04,,0.94602,0.3717,,25.8726,149.65,0.7833,1.0,1.0001,1.001144,15.128
2021-06-07,334.54,1.5659,33552.79,2592.05,249.02,343.3,0.9648,39.25,23.04,,0.86301,0.3315,,24.2865,135.47,0.6989,1.0,0.9999,1.00139,13.468
2021-06-08,329.3,1.5819,33380.81,2507.23,253.61,350.41,0.9416,39.25,23.04,,0.87457,0.3264,,23.424,131.04,0.6927,1.0,1.0001,1.001019,13.582
2021-06-09,338.85,1.6279,37388.05,2610.18,274.87,364.14,1.0408,39.25,23.04,,0.92205,0.3436,,25.1168,145.41,0.7093,1.0,1.0001,1.00106,13.941
2021-06-10,310.29,1.5328,36675.72,2471.09,255.6,327.97,1.0501,39.25,23.04,,0.86854,0.3261,,23.5774,133.95,0.6629,1.0,1.0001,1.001088,12.848
2021-06-11,285.33,1.4371,37331.98,2354.01,242.89,294.91,0.9736,39.25,23.04,,0.844,0.3189,,21.8289,124.72,0.6144,1.0,1.0001,1.001363,11.942
2021-06-12,278.49,1.4789,35546.11,2370.74,243.04,296.27,0.9906,39.25,23.04,,0.83138,0.3121,,21.2774,125.97,0.6028,1.0,1.0,1.001031,11.624
2021-06-13,316.27,1.5566,39020.57,2509.33,260.75,324.14,1.0417,39.25,23.04,,0.88289,0.3243,,23.2702,132.98,0.6851,1.0,1.0,1.001057,12.542
2021-06-14,318.19,1.5769,40516.29,2580.77,275.57,336.69,1.056,39.25,23.04,,0.89048,0.3276,,24.1616,139.54,0.6824,1.0,1.0,1.000909,13.297
2021-06-15,311.78,1.5552,40144.04,2543.54,278.15,325.17,1.032,39.25,23.04,,0.86683,0.3204,,23.4157,136.48,0.7158,1.0,0.9999,1.001002,12.955
2021-06-16,290.71,1.4851,38349.01,2367.89,262.94,305.41,1.0165,39.25,23.04,,0.83189,0.3077,,21.8091,137.48,0.6813,1.0,0.9999,1.000876,13.421
2021-06-17,293.21,1.4826,38092.97,2373.28,277.12,306.64,1.0641,39.25,22.553,,0.84073,0.3064,,22.1783,142.22,0.6859,1.0,0.9999,1.000902,13.611
2021-06-18,265.11,1.4163,35819.84,2234.09,265.77,279.09,0.9924,36.842,21.468,,0.79529,0.2934,,20.3982,132.84,0.6097,1.0,1.0001,1.001249,12.466
2021-06-19,254.59,1.3839,35483.72,2164.67,267.9,272.88,0.935,35.2,20.227,,0.76057,0.2856,,19.77,128.15,0.6011,1.0,1.0,1.000932,11.877
2021-06-20,272.67,1.4263,35600.16,2243.47,264.53,293.56,0.9342,35.271,20.653,,0.7741,0.2803,,20.6957,131.93,0.6422,1.0,1.0001,1.00066,11.989
2021-06-21,212.64,1.174,31608.93,1885.49,203.05,221.6,0.7544,26.625,15.732,,0.60823,0.1788,,15.7983,101.47,0.5048,1.0,1.0001,1.001387,9.517
2021-06-22,206.12,1.1567,32509.56,1879.28,201.81,234.49,0.7443,26.982,14.676,,0.54636,0.1909,,16.4223,106.72,0.4941,1.0,1.0001,1.000929,9.01
2021-06-23,207.65,1.2512,33678.07,1968.14,218.51,242.01,0.8328,30.838,15.813,,0.63771,0.2349,,17.8106,111.9,0.6012,1.0,1.0001,1.000543,9.619
2021-06-24,211.28,1.3604,34663.09,1989.52,225.74,256.33,0.8742,31.187,16.224,,0.67012,0.264,,18.1004,112.97,0.6014,1.0,1.0001,1.000267,10.378
2021-06-25,186.86,1.2521,31584.45,1808.82,194.95,222.0,0.7916,28.646,14.434,,0.61128,0.2375,,15.8273,100.0,0.5257,1.0,1.0,1.001158,9.063
2021-06-26,187.29,1.2521,32283.65,1829.64,202.84,225.24,0.8091,29.739,14.677,,0.61605,0.2459,,16.1248,103.71,0.5436,1.0,1.0001,1.001292,9.596
2021-06-27,202.87,1.338,34700.34,1982.28,211.92,257.46,0.8352,31.92,15.014,,0.64794,0.2647,,17.1043,107.71,0.5592,1.0,1.0,1.001457,10.09
2021-06-28,227.37,1.326,34494.89,2084.41,213.17,311.93,0.8425,33.013,15.786,,0.64359,0.2572,,17.7312,117.96,0.5715,1.0,0.9999,1.000779,10.897
2021-06-29,238.22,1.373,35911.73,2165.33,217.89,311.23,0.8888,33.963,16.255,,0.7056,0.2636,,18.6452,126.5,0.579,1.0,1.0,1.000586,11.638
2021-06-30,251.08,1.3853,35045.0,2275.68,223.06,338.45,0.8831,35.565,16.416,,0.70304,0.2541,,19.2801,130.76,0.5911,1.0,1.0,1.000701,12.05
2021-07-01,230.17,1.3313,33504.69,2106.41,205.44,332.19,0.834,33.29,15.202,,0.66036,0.2441,,17.7939,120.23,0.5364,1.0,1.0,1.000868,11.04
2021-07-02,234.12,1.3946,33786.55,2154.13,211.35,368.44,0.8456,33.991,15.295,,0.65717,0.2452,,18.2388,118.71,0.6025,1.0,1.0,1.000913,11.812
2021-07-03,259.42,1.4045,34669.13,2226.99,214.86,380.67,0.8766,34.558,15.53,,0.67287,0.2465,,19.4682,116.25,0.6769,1.0,1.0,1.00091,11.806
2021-07-04,277.0,1.4615,35286.51,2322.69,219.92,443.97,0.8796,34.332,15.974,,0.69587,0.2467,,20.7665,119.82,0.7261,1.0,1.0001,1.000999,12.324
2021-07-05,308.22,1.4039,33690.14,2196.53,214.47,492.31,0.8733,32.92,15.239,,0.65214,0.2312,,20.0773,111.24,0.7325,1.0,1.0001,1.000901,13.554
2021-07-06,316.49,1.4157,34220.01,2322.5,221.75,481.24,0.9129,34.217,16.144,,0.66534,0.2342,,22.3731,116.85,0.7014,1.0,1.0001,1.000488,13.134
2021-07-07,314.83,1.404,33862.12,2316.57,215.17,441.39,0.9057,36.718,16.853,,0.65237,0.2239,,22.2768,118.53,0.7055,1.0,1.0,1.000734,12.942
2021-07-08,291.36,1.327,32875.71,2116.33,205.23,414.96,0.8678,33.161,15.32,,0.62407,0.2072,,20.3516,109.27,0.6553,1.0,1.0,1.0007,11.894
2021-07-09,303.0,1.3504,33815.81,2146.99,212.87,434.95,0.9057,33.335,15.683,,0.63846,0.2196,,20.9815,111.05,0.6916,1.0,0.9999,1.000658,13.18
2021-07-10,294.7,1.3356,33502.87,2110.69,209.7,423.23,0.8921,31.722,15.287,,0.62414,0.2139,,20.269,108.2,0.6858,1.0,1.0,1.000673,14.421
2021-07-11,305.09,1.3485,34258.99,2140.45,211.52,436.41,0.8948,32.2,15.493,,0.63499,0.2159,,20.6975,110.59,0.7132,1.0,1.0001,1.000704,14.078
2021-07-12,296.73,1.3126,33086.63,2031.58,206.25,412.14,0.8678,30.749,14.854,,0.62936,0.2078,,19.5288,107.67,0.6704,1.0,0.9999,1.000702,13.005
2021-07-13,271.23,1.265,32729.77,1940.15,203.83,387.82,0.875,29.15,14.184,,0.61799,0.2,,18.4867,104.2,0.6336,1.0,0.9999,1.001481,12.098
2021-07-14,279.29,1.2635,32820.02,1994.58,203.38,410.06,0.8581,31.349,13.808,,0.62,0.1976,,17.8921,104.64,0.6384,1.0,1.0001,1.000866,11.749
2021-07-15,272.3,1.2258,31880.0,1919.51,196.71,398.24,0.834,28.594,13.108,,0.59773,0.1853,,17.0505,100.08,0.6,1.0,1.0001,1.001337,11.463
2021-07-16,253.13,1.1708,31383.87,1876.26,192.95,367.89,0.7846,26.296,12.026,,0.59062,0.1721,,16.3449,93.05,0.5803,1.0,1.0001,1.001071,11.13
2021-07-17,253.14,1.1721,31520.07,1899.59,197.56,378.94,0.784,26.764,12.3,,0.58204,0.1876,,16.1085,93.0,0.5595,1.0,1.0001,1.001104,11.025
2021-07-18,253.68,1.1813,31778.56,1891.64,199.41,378.98,0.7985,26.696,12.678,,0.58743,0.1817,,16.3096,93.76,0.5513,1.0,1.0001,1.000909,10.975
2021-07-19,238.51,1.1225,30839.65,1818.73,189.02,340.39,0.7509,24.524,11.457,,0.55724,0.1737,,15.7385,89.27,0.507,1.0,1.0001,1.000924,9.982
2021-07-20,223.03,1.0539,29790.35,1786.03,182.89,349.82,0.6967,23.472,10.96,,0.52841,0.1706,,14.5585,85.68,0.492,1.0,1.0,1.000947,9.45
2021-07-21,259.45,1.1711,32144.51,1995.5,196.77,377.31,0.77,26.691,12.336,,0.56956,0.1905,,16.7296,95.14,0.5574,1.0,1.0,1.000735,10.474
2021-07-22,278.66,1.1856,32287.83,2024.56,197.7,414.48,0.7964,27.713,13.175,,0.59332,0.1914,,17.5854,97.5,0.5597,1.0,1.0001,1.001189,11.39
2021-07-23,290.0,1.2077,33634.09,2124.25,203.96,418.04,0.8081,28.539,13.408,,0.60913,0.195,,18.5978,97.85,0.5568,1.0,1.0001,1.000933,11.456
2021-07-24,287.67,1.2327,34258.14,2184.75,208.52,410.41,0.8265,28.65,13.758,,0.60962,0.1971,,18.2573,99.32,0.55,1.0,0.9999,1.001018,11.431
2021-07-25,288.07,1.2284,35381.02,2189.79,212.91,391.59,0.8915,28.253,13.758,,0.60678,0.1981,,18.2936,100.52,0.5425,1.0,0.9999,1.001382,11.456
2021-07-26,302.43,1.2551,37237.6,2228.08,218.07,392.15,0.8479,28.196,13.926,,0.62558,0.2039,,18.5299,101.29,0.5498,1.0,0.9999,1.000923,11.388
2021-07-27,299.94,1.2799,39457.87,2299.49,225.59,392.7,0.8573,28.158,14.387,,0.645,0.2059,,18.8979,102.99,0.5672,1.0,0.9999,1.001315,11.71
2021-07-28,297.92,1.2875,40019.56,2300.9,235.44,388.44,0.8486,27.899,14.543,,0.73364,0.2059,,19.0547,105.94,0.5604,1.0,0.9999,1.001082,11.608
2021-07-29,312.0,1.2856,40016.48,2382.92,241.67,396.54,0.8462,31.295,15.264,,0.74995,0.2049,,19.5899,108.14,0.5841,1.0,1.0,1.000938,11.8
2021-07-30,320.49,1.3108,42206.37,2461.81,242.01,404.33,0.8537,32.41,15.812,,0.75282,0.2089,,20.9374,110.14,0.5954,1.0,0.9999,1.000942,12.14
2021-07-31,331.1,1.3193,41461.83,2531.05,239.86,406.15,0.8399,36.759,16.803,,0.74644,0.2079,,21.7652,111.3,0.6259,1.0,1.0,1.0012,12.603
2021-08-01,316.38,1.3142,39845.44,2555.69,235.45,408.9,0.8123,34.198,18.413,,0.72533,0.2043,,21.9968,115.57,0.659,1.0,1.0,1.001319,12.322
2021-08-02,320.4,1.3083,39147.82,2606.93,232.58,407.28,0.8166,33.187,17.986,,0.7398,0.2034,,22.363,115.27,0.6921,1.0,1.0,1.001036,12.479
2021-08-03,308.74,1.3696,38207.05,2509.04,226.02,396.57,0.8188,34.116,17.436,,0.71242,0.1962,,21.3267,114.06,0.6463,1.0,1.0001,1.000479,12.124
2021-08-04,339.02,1.3765,39723.18,2724.78,244.38,464.06,0.8286,35.794,19.15,,0.73049,0.2014,,23.5377,118.11,0.6669,1.0,1.0,1.00034,12.812
2021-08-05,372.78,1.3859,40862.46,2826.99,252.84,475.53,0.8507,37.398,19.137,,0.73321,0.201,,25.4543,119.2,0.7006,1.0,1.0,1.000781,13.033
2021-08-06,369.6,1.4025,42836.87,2891.58,263.09,466.74,0.8555,39.513,20.436,,0.74685,0.2049,,26.1794,126.99,0.703,1.0,1.0,1.000683,13.616
2021-08-07,385.07,1.4727,44572.54,3160.31,271.83,508.0,0.8763,39.516,20.972,,0.81845,0.2622,,28.3322,134.13,0.7333,1.0,0.9999,1.001379,14.017
2021-08-08,360.72,1.4255,43794.37,3011.85,257.12,467.49,0.8262,37.689,19.675,,0.77952,0.24,,26.72,123.7,0.6723,1.0,1.0001,1.001085,13.134
2021-08-09,374.01,1.4745,46253.4,3160.52,269.31,467.48,0.8551,38.676,20.583,,0.81959,0.2562,,28.3578,130.67,0.7071,1.0,1.0,1.00037,13.647
2021-08-10,384.14,1.678,45584.99,3141.66,266.34,472.9,0.8829,40.691,20.621,,0.85256,0.2575,,28.7687,132.08,0.7499,1.0,1.0001,1.000779,14.117
2021-08-11,402.42,1.7934,45511.0,3160.5,268.03,468.07,0.9121,41.65,21.354,,1.01214,0.2647,,28.989,137.11,0.79,1.0,0.9999,1.000616,14.576
2021-08-12,392.17,1.8324,44399.0,3045.96,257.42,454.06,0.8845,41.102,20.751,,0.96577,0.264,,28.1246,133.65,0.8804,1.0,0.9999,1.000749,14.076
2021-08-13,427.5,2.1386,47800.0,3322.32,272.89,484.42,0.9552,44.9,22.752,,1.09072,0.287,,30.5039,145.07,0.9292,1.0,1.0001,1.001841,15.213
2021-08-14,414.38,2.1878,47068.51,3263.16,271.6,477.63,0.933,44.178,22.865,,1.28265,0.2939,,30.1454,145.09,0.901,1.0,1.0,1.001088,15.572
2021-08-15,410.27,2.1667,46973.82,3307.09,271.86,489.0,0.9963,53.556,23.179,,1.28584,0.3403,,30.2795,154.8,0.8975,1.0,1.0001,1.000942,15.926
2021-08-16,412.59,2.0714,45901.29,3146.53,266.5,469.2,0.9458,62.055,24.433,,1.18541,0.3194,,29.0762,150.19,0.8552,1.0,1.0,1.00031,15.8
2021-08-17,381.46,1.9239,44695.95,3011.72,256.23,446.76,0.8834,64.169,23.53,,1.09755,0.2993,,26.3942,141.4,0.869,1.0,1.0,1.000612,15.993
2021-08-18,380.22,2.1043,44705.29,3014.55,252.51,435.24,0.9221,72.736,23.875,,1.146,0.3031,,26.3063,140.77,0.8537,1.0,1.0001,1.000266,17.948
2021-08-19,405.4,2.4411,46760.62,3184.12,264.19,457.94,1.0438,72.831,26.596,,1.23437,0.3176,,27.9786,147.2,0.9842,1.0,1.0001,1.000833,18.699
2021-08-20,409.2,2.4557,49322.47,3284.82,282.06,479.99,1.1382,78.746,28.169,,1.26451,0.3273,,28.8726,153.92,1.042,1.0,1.0,1.000718,18.938
2021-08-21,399.91,2.4341,48821.87,3223.43,287.98,462.88,1.149,73.937,27.883,,1.21662,0.3173,,28.2509,156.02,0.9895,1.0,1.0,1.000315,22.168
2021-08-22,400.98,2.7049,49239.22,3238.0,306.38,460.17,1.158,72.809,27.69,,1.22737,0.3149,,28.4232,160.55,1.0746,1.0,1.0001,1.000737,21.881
2021-08-23,408.35,2.9152,49488.85,3321.28,318.17,465.61,1.1611,75.655,27.894,,1.24621,0.3179,,28.8082,165.4,1.0254,1.0,1.0001,1.000671,21.834
2021-08-24,377.97,2.7187,47674.01,3170.62,307.33,423.7,1.0369,70.591,25.088,,1.13691,0.2888,,26.6335,155.36,0.9189,1.0,0.9999,1.001061,19.542
2021-08-25,384.16,2.739,48973.32,3226.87,314.29,435.62,1.0651,71.986,25.995,,1.174,0.2924,,27.0715,163.65,0.9512,1.0,1.0001,1.000754,20.057
2021-08-26,350.7,2.528,46843.87,3093.2,291.4,404.77,0.9891,74.823,23.932,,1.07225,0.2684,,25.5302,144.07,0.8648,1.0,1.0,1.000834,17.936
2021-08-27,372.8,2.946,49069.9,3273.45,315.0,421.27,1.0651,88.053,26.543,,1.19177,0.2948,,27.4246,152.28,0.9233,1.0,1.0,1.000943,20.427
2021-08-28,367.2,2.847,48895.35,3244.48,300.5,414.16,1.0395,96.246,25.98,,1.14587,0.2863,,26.8274,150.7,0.9166,1.0,1.0,1.000962,21.332
2021-08-29,364.1,2.851,48767.83,3223.47,291.4,418.74,1.0225,94.287,25.735,,1.14131,0.2813,,26.7985,148.34,0.9153,1.0,1.0,1.000814,21.2
2021-08-30,357.6,2.734,46982.91,3229.64,281.8,420.1,1.0207,110.347,26.03,,1.101,0.272,,26.8283,141.25,0.851,1.0,0.9999,1.000869,22.15
2021-08-31,391.7,2.767,47100.89,3429.2,285.8,442.32,1.113,108.29,31.353,,1.18651,0.2783,,29.3959,143.85,0.8561,1.0,0.9999,1.000669,22.924
2021-09-01,413.1,2.869,48810.52,3826.82,302.9,477.42,1.1617,110.671,33.2,,1.2377,0.2945,,31.3669,151.71,0.9227,1.0,1.0,1.000698,25.431
2021-09-02,399.4,2.96,49246.64,3785.82,302.5,462.16,1.1434,128.346,31.814,,1.25431,0.2948,,29.9413,150.63,0.9064,1.0,1.0,1.00033,24.156
2021-09-03,395.0,2.966,49999.14,3938.11,304.1,467.14,1.218,146.524,33.601,,1.29081,0.2963,,28.6593,156.54,0.9133,1.0,1.0,1.000005,24.098
2021-09-04,397.8,2.83,49915.64,3885.52,305.1,471.15,1.2082,138.998,32.384,,1.25659,0.2994,,28.5789,160.33,0.951,1.0,1.0,0.999974,24.434
2021-09-05,416.8,2.91,51756.88,3950.29,315.4,511.13,1.3152,142.138,34.454,,1.30683,0.3147,,29.3759,173.03,1.0237,1.0,1.0,0.999925,25.741
2021-09-06,408.7,2.833,52663.9,3926.77,314.8,509.3,1.4601,164.316,34.355,,1.39238,0.3091,,28.8434,171.31,1.0646,1.0,1.0,1.000237,25.113
2021-09-07,346.7,2.514,46863.73,3434.57,263.2,413.33,1.2764,173.4,27.965,,1.12345,0.2557,,24.3113,136.45,0.8328,1.0,1.0,0.999818,21.135
2021-09-08,330.5,2.47,46048.31,3499.0,257.1,409.84,1.9129,191.03,27.778,,1.09997,0.2567,,23.1468,135.52,0.823,1.0,0.9999,1.000055,20.7
2021-09-09,330.5,2.518,46395.14,3424.93,261.8,412.02,2.3012,187.908,29.842,,1.08799,0.2527,,23.2851,137.52,0.8554,1.0,1.0,1.000257,26.791
2021-09-10,312.2,2.383,44850.91,3208.86,249.2,391.77,2.0152,179.51,29.2,,1.05588,0.2398,,22.3286,128.25,0.808,1.0,1.0,0.999757,29.421
2021-09-11,328.852,2.6364,45171.83,3266.77,249.32,397.56,1.9948,179.122,31.57,,1.07779,0.2411,,22.7396,128.41,0.8732,1.0,1.0,0.999884,27.337
2021-09-12,333.267,2.5806,46024.23,3403.75,256.09,403.41,2.3787,174.272,35.825,,1.1198,0.2502,,23.7246,131.27,0.9223,1.0,0.9999,1.000429,34.894
2021-09-13,331.046,2.4022,44947.72,3286.2,263.41,385.09,2.1632,169.797,34.859,,1.06453,0.236,,22.6597,127.69,0.8405,1.0,1.0,1.000307,35.767
2021-09-14,384.107,2.3987,47127.22,3436.29,268.26,447.18,2.0381,158.64,37.38,,1.09682,0.2407,,25.6737,133.88,0.8599,1.0,0.9999,0.999823,34.237
2021-09-15,414.753,2.5052,48148.12,3615.65,269.12,442.88,2.0153,158.433,36.456,,1.12008,0.2477,,27.4731,139.84,0.9085,1.0,1.0,1.000491,34.125
2021-09-16,384.077,2.4169,47753.16,3568.66,264.06,442.88,2.0153,158.433,36.456,,1.12008,0.2477,,26.2444,139.84,0.8563,1.0,1.0001,0.999921,37.112
2021-09-17,353.647,2.4169,47303.5,3400.0,262.42,442.88,2.0153,158.433,36.456,,1.12008,0.2477,,24.3316,139.84,0.8187,1.0,1.0001,1.000272,33.458
2021-09-18,355.266,2.4169,48314.56,3436.31,271.6,442.88,2.0153,158.433,36.456,,1.12008,0.2477,,24.5432,139.84,0.835,1.0,1.0001,1.000038,40.802
2021-09-19,340.127,2.4169,47255.92,3328.59,260.12,442.88,2.0153,158.433,36.456,,1.12008,0.2477,,23.8949,139.84,0.814,1.0,1.0,1.00022,44.306
